{
  "version": 1,
  "author": "Anonymous maker",
  "editor": "wokwi",
  "parts": [
    { "type": "wokwi-esp32-devkit-v1", "id": "esp", "top": -76.67, "left": -117.33, "attrs": {} },
    {
      "type": "wokwi-hc-sr04",
      "id": "ultrasonic1",
      "top": -141.54,
      "left": 54.84,
      "attrs": { "distance": "225" }
    }
  ],
  "connections": [
    [ "esp:TX0", "$serialMonitor:RX", "", [] ],
    [ "esp:RX0", "$serialMonitor:TX", "", [] ],
    [ "esp:D18", "ultrasonic1:ECHO", "green", [ "h0" ] ],
    [ "esp:D19", "ultrasonic1:TRIG", "green", [ "h0" ] ],
    [ "esp:GND.1", "ultrasonic1:GND", "black", [ "h0" ] ],
    [ "esp:VIN", "ultrasonic1:VCC", "red", [ "h-18.84", "v47.04", "h256" ] ]
  ]
}